Episode,Reward
1,24.0
2,23.0
3,17.0
4,25.0
5,16.0
6,14.0
7,107.0
8,49.0
9,25.0
10,21.0
11,58.0
12,37.0
13,73.0
14,13.0
15,65.0
16,33.0
17,17.0
18,87.0
19,21.0
20,48.0
21,27.0
22,59.0
23,49.0
24,20.0
25,48.0
26,42.0
27,13.0
28,35.0
29,27.0
30,19.0
31,61.0
32,24.0
33,18.0
34,15.0
35,14.0
36,22.0
37,25.0
38,88.0
39,31.0
40,55.0
41,23.0
42,31.0
43,85.0
44,14.0
45,27.0
46,39.0
47,33.0
48,29.0
49,23.0
50,14.0
51,20.0
52,117.0
53,24.0
54,26.0
55,55.0
56,23.0
57,29.0
58,65.0
59,38.0
60,44.0
61,89.0
62,20.0
63,92.0
64,146.0
65,135.0
66,41.0
67,20.0
68,41.0
69,111.0
70,21.0
71,27.0
72,52.0
73,21.0
74,45.0
75,123.0
76,22.0
77,157.0
78,29.0
79,127.0
80,61.0
81,180.0
82,62.0
83,79.0
84,156.0
85,424.0
86,64.0
87,174.0
88,101.0
89,47.0
90,526.0
91,224.0
92,225.0
93,297.0
94,556.0
95,620.0
96,345.0
97,331.0
98,180.0
99,474.0
100,331.0
101,978.0
102,308.0
103,219.0
104,301.0
105,267.0
106,236.0
107,297.0
108,331.0
109,434.0
110,422.0
111,383.0
112,401.0
113,249.0
114,371.0
115,408.0
116,379.0
117,419.0
118,813.0
119,1147.0
120,384.0
121,288.0
122,334.0
123,349.0
124,344.0
125,303.0
126,637.0
127,599.0
128,604.0
129,266.0
130,291.0
131,352.0
132,282.0
133,255.0
134,268.0
135,352.0
136,925.0
137,482.0
138,673.0
139,584.0
140,968.0
141,503.0
142,957.0
143,285.0
144,294.0
145,1856.0
146,810.0
147,514.0
148,898.0
149,710.0
150,298.0
151,658.0
152,312.0
153,837.0
154,486.0
155,241.0
156,270.0
157,924.0
158,375.0
159,425.0
160,508.0
161,494.0
162,242.0
163,539.0
164,569.0
165,660.0
166,549.0
167,585.0
168,1080.0
169,539.0
170,467.0
171,491.0
172,358.0
173,616.0
174,750.0
175,244.0
176,284.0
177,292.0
178,264.0
179,209.0
180,248.0
181,222.0
182,213.0
183,224.0
184,294.0
185,194.0
186,224.0
187,261.0
188,362.0
189,255.0
190,933.0
191,262.0
192,224.0
193,211.0
194,191.0
195,183.0
196,198.0
197,199.0
198,185.0
199,306.0
200,328.0
201,275.0
202,219.0
203,204.0
204,195.0
205,202.0
206,515.0
207,362.0
208,584.0
209,784.0
210,1174.0
211,371.0
212,1098.0
213,429.0
214,561.0
215,1119.0
216,223.0
217,184.0
218,1638.0
219,1377.0
220,1179.0
221,1205.0
222,1203.0
223,184.0
224,154.0
225,188.0
226,288.0
227,800.0
228,229.0
229,247.0
230,188.0
231,175.0
232,793.0
233,191.0
234,270.0
235,866.0
236,165.0
237,150.0
238,165.0
239,164.0
240,191.0
241,589.0
242,162.0
243,197.0
244,185.0
245,223.0
246,190.0
247,205.0
248,161.0
249,215.0
250,1323.0
251,2286.0
252,267.0
253,245.0
254,344.0
255,399.0
256,313.0
257,295.0
258,227.0
259,398.0
260,6585.0
261,12707.0
262,14002.0
263,1404.0
264,671.0
265,591.0
266,758.0
267,1231.0
268,559.0
269,430.0
270,8659.0
271,403.0
272,305.0
273,1276.0
274,558.0
275,273.0
276,244.0
277,287.0
278,446.0
279,247.0
280,3130.0
281,540.0
282,895.0
283,531.0
284,250.0
285,3861.0
286,643.0
287,968.0
288,1086.0
289,793.0
290,610.0
291,479.0
292,290.0
293,286.0
294,208.0
295,293.0
296,255.0
297,343.0
298,281.0
299,1175.0
300,290.0
301,251.0
302,403.0
303,264.0
304,242.0
305,8950.0
306,522.0
307,1393.0
308,690.0
309,733.0
310,464.0
311,290.0
312,472.0
313,3708.0
314,187.0
315,200.0
316,216.0
317,475.0
318,662.0
319,216.0
320,652.0
321,205.0
322,942.0
323,2294.0
324,1221.0
325,255.0
326,326.0
327,234.0
328,254.0
329,254.0
330,206.0
331,205.0
332,187.0
333,46246.0
334,562.0
335,16.0
336,17.0
337,22.0
338,368.0
339,225.0
340,6345.0
341,6825.0
342,544.0
343,525.0
344,398.0
345,216.0
346,211.0
347,228.0
348,161.0
349,157.0
350,153.0
351,154.0
352,148.0
353,146.0
354,169.0
355,160.0
356,183.0
357,160.0
358,155.0
359,151.0
360,161.0
361,804.0
362,230.0
363,590.0
364,361.0
365,297.0
366,404.0
367,251.0
368,304.0
369,2245.0
370,583.0
371,6760.0
372,5992.0
373,30513.0
374,425.0
375,481.0
376,288.0
377,212.0
378,219.0
379,19155.0
380,194.0
381,265.0
382,112.0
383,70.0
384,170.0
385,389.0
386,77.0
387,190.0
388,118.0
389,156.0
390,90.0
391,89.0
392,919.0
393,346.0
394,277.0
395,243.0
396,224.0
397,223.0
398,292.0
399,266.0
400,453.0
401,294.0
402,298.0
403,1337.0
404,992.0
405,5458.0
406,552.0
407,220.0
408,234.0
409,220.0
410,288.0
411,299.0
412,226.0
413,255.0
414,289.0
415,342.0
416,209.0
417,246.0
418,188.0
419,193.0
420,171.0
421,230.0
422,222.0
423,193.0
424,231.0
425,167.0
426,20.0
427,189.0
428,40.0
429,247.0
430,219.0
431,157.0
432,212.0
433,185.0
434,193.0
435,4654.0
436,241.0
437,4272.0
438,505.0
439,209.0
440,168.0
441,234.0
442,194.0
443,217.0
444,194.0
445,184.0
446,153.0
447,203.0
448,190.0
449,184.0
450,266.0
451,169.0
452,184.0
453,325.0
454,260.0
455,182.0
456,184.0
457,180.0
458,195.0
459,178.0
460,172.0
461,175.0
462,175.0
463,189.0
464,171.0
465,162.0
466,135.0
467,143.0
468,171.0
469,144.0
470,149.0
471,167.0
472,183.0
473,164.0
474,145.0
475,157.0
476,164.0
477,161.0
478,153.0
479,537.0
480,234.0
481,485.0
482,637.0
483,241.0
484,624.0
485,357.0
486,4881.0
487,5244.0
488,5610.0
489,2305.0
490,288.0
491,290.0
492,249.0
493,1095.0
494,2518.0
495,509.0
496,570.0
497,393.0
498,399.0
499,400.0
500,418.0
501,348.0
502,573.0
503,435.0
504,417.0
505,403.0
506,455.0
507,503.0
508,426.0
509,476.0
510,206.0
511,438.0
512,480.0
513,563.0
514,413.0
515,210.0
516,561.0
517,192.0
518,431.0
519,233.0
520,179.0
521,174.0
522,160.0
523,189.0
524,169.0
525,158.0
526,179.0
527,186.0
528,175.0
529,168.0
530,180.0
531,7297.0
532,1046.0
533,342.0
534,361.0
535,2185.0
536,753.0
537,1263.0
538,10437.0
539,27.0
540,19.0
541,274.0
542,195.0
543,25.0
544,18.0
545,27.0
546,145.0
547,119.0
548,148.0
549,174.0
550,139.0
551,240.0
552,181.0
553,160.0
554,142.0
555,106.0
556,161.0
557,140.0
558,137.0
559,130.0
560,254.0
561,194.0
562,220.0
563,398.0
564,221.0
565,224.0
566,303.0
567,195.0
568,177.0
569,126.0
570,201.0
571,188.0
572,210.0
573,187.0
574,1066.0
575,186.0
576,275.0
577,208.0
578,203.0
579,279.0
580,176.0
581,2427.0
582,1493.0
583,194.0
584,974.0
585,192.0
586,254.0
587,482.0
588,5814.0
589,2112.0
590,2793.0
591,837.0
592,487.0
593,196.0
594,182.0
595,181.0
596,182.0
597,162.0
598,159.0
599,350.0
600,404.0
601,209.0
602,557.0
603,457.0
604,705.0
605,1339.0
606,989.0
607,10034.0
608,17984.0
609,5094.0
610,668.0
611,912.0
612,326.0
613,368.0
614,338.0
615,826.0
616,367.0
617,531.0
618,646.0
619,486.0
620,416.0
621,406.0
622,1220.0
623,342.0
624,373.0
625,416.0
626,350.0
627,1149.0
628,536.0
629,468.0
630,820.0
631,460.0
632,390.0
633,1138.0
634,1071.0
635,2707.0
636,6434.0
637,2332.0
638,3049.0
639,5572.0
640,1236.0
641,482.0
642,974.0
643,687.0
644,1719.0
645,186.0
646,11413.0
647,157.0
648,142.0
649,13912.0
650,563.0
651,837.0
652,1927.0
653,708.0
654,345.0
655,10.0
656,47.0
657,337.0
658,96.0
659,28.0
660,326.0
661,149.0
662,281.0
663,84.0
664,445.0
665,142.0
666,78.0
667,162.0
668,139.0
669,410.0
670,127.0
671,126.0
672,156.0
673,138.0
674,145.0
675,525.0
676,132.0
677,197.0
678,158.0
679,134.0
680,131.0
681,131.0
682,127.0
683,122.0
684,126.0
685,125.0
686,129.0
687,124.0
688,112.0
689,140.0
690,121.0
691,146.0
692,129.0
693,138.0
694,143.0
695,145.0
696,155.0
697,145.0
698,145.0
699,156.0
700,145.0
701,162.0
702,152.0
703,186.0
704,167.0
705,154.0
706,137.0
707,171.0
708,178.0
709,159.0
710,177.0
711,181.0
712,194.0
713,502.0
714,247.0
715,187.0
716,177.0
717,400.0
718,198.0
719,776.0
720,152.0
721,177.0
722,145.0
723,166.0
724,171.0
725,169.0
726,187.0
727,197.0
728,160.0
729,156.0
730,146.0
731,169.0
732,152.0
733,170.0
734,236.0
735,222.0
736,165.0
737,141.0
738,170.0
739,195.0
740,223.0
741,3912.0
742,4130.0
743,133.0
744,139.0
745,177.0
746,142.0
747,142.0
748,153.0
749,171.0
750,232.0
751,131.0
752,181.0
753,156.0
754,138.0
755,519.0
756,176.0
757,480.0
758,253.0
759,151.0
760,171.0
761,822.0
762,173.0
763,162.0
764,712.0
765,149.0
766,1327.0
767,120.0
768,152.0
769,111.0
770,120.0
771,152.0
772,144.0
773,125.0
774,134.0
775,181.0
776,169.0
777,129.0
778,107.0
779,163.0
780,118.0
781,109.0
782,153.0
783,117.0
784,177.0
785,102.0
786,168.0
787,125.0
788,124.0
789,107.0
790,134.0
791,126.0
792,105.0
793,126.0
794,135.0
795,134.0
796,112.0
797,104.0
798,116.0
799,113.0
800,116.0
801,120.0
802,117.0
803,114.0
804,119.0
805,120.0
806,115.0
807,117.0
808,134.0
809,127.0
810,155.0
811,131.0
812,134.0
813,120.0
814,132.0
815,124.0
816,126.0
817,131.0
818,140.0
819,175.0
820,134.0
821,141.0
822,120.0
823,119.0
824,113.0
825,142.0
826,124.0
827,121.0
828,119.0
829,119.0
830,142.0
831,123.0
832,111.0
833,147.0
834,130.0
835,132.0
836,117.0
837,123.0
838,124.0
839,121.0
840,125.0
841,144.0
842,121.0
843,82.0
844,131.0
845,128.0
846,133.0
847,134.0
848,144.0
849,129.0
850,123.0
851,140.0
852,125.0
853,129.0
854,129.0
855,139.0
856,128.0
857,134.0
858,135.0
859,115.0
860,126.0
861,144.0
862,131.0
863,118.0
864,139.0
865,130.0
866,134.0
867,133.0
868,122.0
869,133.0
870,125.0
871,141.0
872,138.0
873,137.0
874,138.0
875,137.0
876,133.0
877,134.0
878,149.0
879,140.0
880,130.0
881,16162.0
882,77.0
883,74.0
884,105.0
885,12.0
886,53.0
887,83.0
888,79.0
889,15.0
890,19.0
891,15.0
892,136.0
893,16.0
894,172.0
895,101.0
896,85.0
897,78.0
898,77.0
899,158.0
900,17.0
901,69.0
902,77.0
903,19.0
904,105.0
905,88.0
906,18.0
907,88.0
908,22.0
909,130.0
910,21.0
911,86.0
912,109.0
913,91.0
914,92.0
915,72.0
916,22.0
917,54.0
918,245.0
919,23.0
920,94.0
921,19.0
922,20.0
923,94.0
924,17.0
925,20.0
926,84.0
927,19.0
928,52.0
929,85.0
930,105.0
931,128.0
932,54.0
933,91.0
934,20.0
935,20.0
936,83.0
937,21.0
938,88.0
939,103.0
940,467.0
941,83.0
942,91.0
943,95.0
944,84.0
945,90.0
946,92.0
947,107.0
948,97.0
949,99.0
950,103.0
951,92.0
952,99.0
953,117.0
954,96.0
955,96.0
956,111.0
957,101.0
958,104.0
959,102.0
960,101.0
961,105.0
962,101.0
963,100.0
964,106.0
965,102.0
966,108.0
967,95.0
968,106.0
969,102.0
970,107.0
971,107.0
972,107.0
973,107.0
974,99.0
975,110.0
976,115.0
977,111.0
978,100.0
979,108.0
980,89.0
981,107.0
982,101.0
983,103.0
984,112.0
985,126.0
986,109.0
987,114.0
988,114.0
989,95.0
990,113.0
991,113.0
992,121.0
993,108.0
994,116.0
995,101.0
996,116.0
997,114.0
998,129.0
999,123.0
1000,94.0
1001,90.0
1002,117.0
1003,117.0
1004,113.0
1005,146.0
1006,140.0
1007,125.0
1008,138.0
1009,130.0
1010,135.0
1011,131.0
1012,133.0
1013,131.0
1014,154.0
1015,171.0
1016,147.0
1017,141.0
1018,178.0
1019,180.0
1020,168.0
1021,153.0
1022,176.0
1023,277.0
1024,270.0
1025,232.0
1026,162.0
1027,186.0
1028,8466.0
1029,197.0
1030,196.0
1031,218.0
1032,248.0
1033,393.0
1034,318.0
1035,398.0
1036,381.0
1037,335.0
1038,404.0
1039,127.0
1040,339.0
1041,252.0
1042,9137.0
1043,816.0
1044,372.0
1045,382.0
1046,429.0
1047,387.0
1048,4745.0
1049,3732.0
1050,302.0
1051,393.0
1052,431.0
1053,313.0
1054,279.0
1055,313.0
1056,363.0
1057,404.0
1058,324.0
1059,297.0
1060,326.0
1061,407.0
1062,330.0
1063,376.0
1064,272.0
1065,373.0
1066,256.0
1067,318.0
1068,385.0
1069,211.0
1070,217.0
1071,228.0
1072,468.0
1073,463.0
1074,403.0
1075,212.0
1076,1318.0
1077,357.0
1078,232.0
1079,578.0
1080,648.0
1081,331.0
1082,459.0
1083,244.0
1084,260.0
1085,964.0
1086,726.0
1087,23076.0
1088,30609.0
1089,2845.0
1090,468.0
1091,230.0
1092,694.0
1093,762.0
1094,439.0
1095,184.0
1096,2630.0
1097,1545.0
1098,2742.0
1099,16771.0
1100,567.0
1101,746.0
1102,3782.0
1103,1866.0
1104,944.0
1105,317.0
1106,282.0
1107,243.0
1108,262.0
1109,296.0
1110,1093.0
1111,500.0
1112,307.0
1113,846.0
1114,230.0
1115,929.0
1116,255.0
1117,231.0
1118,252.0
1119,3200.0
1120,1181.0
1121,420.0
1122,206.0
1123,660.0
1124,647.0
1125,252.0
1126,223.0
1127,271.0
1128,924.0
1129,244.0
1130,854.0
1131,923.0
1132,287.0
1133,1136.0
1134,3563.0
1135,28112.0
1136,10796.0
1137,183.0
1138,674.0
1139,21942.0
1140,2951.0
1141,248.0
1142,347.0
1143,17502.0
1144,182.0
1145,836.0
1146,249.0
1147,2688.0
1148,3638.0
1149,663.0
1150,1124.0
1151,198.0
1152,208.0
1153,262.0
1154,513.0
1155,192.0
1156,331.0
1157,611.0
1158,854.0
1159,861.0
1160,202.0
1161,204.0
1162,539.0
1163,261.0
1164,871.0
1165,754.0
1166,1334.0
1167,311.0
1168,306.0
1169,288.0
1170,333.0
1171,325.0
1172,1416.0
1173,228.0
1174,3252.0
1175,647.0
1176,438.0
1177,1244.0
1178,552.0
1179,515.0
1180,800.0
1181,981.0
1182,1267.0
1183,234.0
1184,223.0
1185,199.0
1186,561.0
1187,788.0
1188,957.0
1189,6862.0
1190,482.0
1191,503.0
1192,869.0
1193,244.0
1194,229.0
1195,474.0
1196,330.0
1197,1687.0
1198,1373.0
1199,288.0
1200,251.0
1201,703.0
1202,946.0
1203,238.0
1204,241.0
1205,433.0
1206,280.0
1207,1314.0
1208,255.0
1209,828.0
1210,395.0
1211,696.0
1212,368.0
1213,734.0
1214,2138.0
1215,1665.0
1216,435.0
1217,334.0
1218,327.0
1219,147.0
1220,402.0
1221,551.0
1222,817.0
1223,147.0
1224,346.0
1225,825.0
1226,481.0
1227,361.0
1228,669.0
1229,657.0
1230,690.0
1231,530.0
1232,465.0
1233,1264.0
1234,415.0
1235,168.0
1236,739.0
1237,953.0
1238,4301.0
1239,732.0
1240,327.0
1241,628.0
1242,9378.0
1243,4220.0
1244,555.0
1245,1147.0
1246,209.0
1247,1261.0
1248,809.0
1249,11121.0
1250,433.0
1251,2906.0
1252,264.0
1253,1386.0
1254,364.0
1255,1044.0
1256,412.0
1257,395.0
1258,494.0
1259,1034.0
1260,1165.0
1261,349.0
1262,3619.0
1263,16213.0
1264,10873.0
1265,1368.0
1266,1180.0
1267,640.0
1268,1935.0
1269,11221.0
1270,2621.0
1271,248.0
1272,155.0
1273,241.0
1274,1414.0
1275,477.0
1276,1184.0
1277,711.0
1278,274.0
1279,1199.0
1280,472.0
1281,350.0
1282,246.0
1283,553.0
1284,404.0
1285,324.0
1286,374.0
1287,478.0
1288,500.0
1289,971.0
1290,5942.0
1291,21066.0
1292,451.0
1293,481.0
1294,420.0
1295,676.0
1296,324.0
1297,776.0
1298,690.0
1299,956.0
1300,1982.0
1301,18545.0
1302,216.0
1303,204.0
1304,306.0
1305,206.0
1306,186.0
1307,193.0
1308,210.0
1309,322.0
1310,229.0
1311,309.0
1312,240.0
1313,2724.0
1314,223.0
1315,374.0
1316,265.0
1317,298.0
1318,17442.0
1319,1004.0
1320,923.0
1321,249.0
1322,669.0
1323,540.0
1324,21572.0
1325,875.0
1326,3205.0
1327,634.0
1328,185.0
1329,3218.0
1330,3976.0
1331,930.0
1332,23107.0
1333,143.0
1334,135.0
1335,223.0
1336,277.0
1337,277.0
1338,187.0
1339,253.0
1340,219.0
1341,386.0
1342,311.0
1343,313.0
1344,297.0
1345,305.0
1346,235.0
1347,447.0
1348,435.0
1349,3707.0
1350,344.0
1351,435.0
1352,279.0
1353,1061.0
1354,446.0
1355,344.0
1356,473.0
1357,295.0
1358,272.0
1359,252.0
1360,312.0
1361,285.0
1362,160.0
1363,199.0
1364,275.0
1365,237.0
1366,272.0
1367,244.0
1368,237.0
1369,323.0
1370,405.0
1371,169.0
1372,162.0
1373,311.0
1374,389.0
1375,358.0
1376,184.0
1377,381.0
1378,120.0
1379,125.0
1380,173.0
1381,168.0
1382,147.0
1383,186.0
1384,187.0
1385,182.0
1386,144.0
1387,170.0
1388,140.0
1389,149.0
1390,135.0
1391,162.0
1392,146.0
1393,128.0
1394,113.0
1395,121.0
1396,127.0
1397,133.0
1398,129.0
1399,115.0
1400,138.0
1401,139.0
1402,133.0
1403,130.0
1404,149.0
1405,156.0
1406,149.0
1407,144.0
1408,145.0
1409,131.0
1410,129.0
1411,140.0
1412,140.0
1413,142.0
1414,144.0
1415,149.0
1416,142.0
1417,151.0
1418,149.0
1419,138.0
1420,132.0
1421,141.0
1422,136.0
1423,140.0
1424,126.0
1425,134.0
1426,128.0
1427,124.0
1428,123.0
1429,128.0
1430,136.0
1431,126.0
1432,120.0
1433,144.0
1434,127.0
1435,126.0
1436,139.0
1437,135.0
1438,134.0
1439,137.0
1440,140.0
1441,147.0
1442,142.0
1443,142.0
1444,129.0
1445,127.0
1446,150.0
1447,137.0
1448,130.0
1449,118.0
1450,130.0
1451,136.0
1452,143.0
1453,145.0
1454,124.0
1455,148.0
1456,134.0
1457,137.0
1458,137.0
1459,127.0
1460,154.0
1461,130.0
1462,126.0
1463,157.0
1464,163.0
1465,139.0
1466,141.0
1467,157.0
1468,157.0
1469,155.0
1470,146.0
1471,143.0
1472,134.0
1473,162.0
1474,141.0
1475,174.0
1476,142.0
1477,139.0
1478,162.0
1479,151.0
1480,145.0
1481,141.0
1482,165.0
1483,166.0
1484,137.0
1485,152.0
1486,165.0
1487,184.0
1488,181.0
1489,171.0
1490,196.0
1491,218.0
1492,241.0
1493,154.0
1494,188.0
1495,181.0
1496,188.0
1497,179.0
1498,195.0
1499,177.0
1500,252.0
1501,241.0
1502,539.0
1503,712.0
1504,1274.0
1505,5951.0
1506,248.0
1507,1643.0
1508,3540.0
1509,534.0
1510,274.0
1511,1061.0
1512,301.0
1513,685.0
1514,642.0
1515,599.0
1516,418.0
1517,428.0
1518,353.0
1519,926.0
1520,427.0
1521,210.0
1522,430.0
1523,332.0
1524,270.0
1525,385.0
1526,1459.0
1527,747.0
1528,391.0
1529,412.0
1530,164.0
1531,249.0
1532,397.0
1533,300.0
1534,367.0
1535,521.0
1536,388.0
1537,234.0
1538,390.0
1539,868.0
1540,2762.0
1541,621.0
1542,487.0
1543,556.0
1544,660.0
1545,553.0
1546,376.0
1547,449.0
1548,1552.0
1549,549.0
1550,554.0
1551,428.0
1552,327.0
1553,300.0
1554,492.0
1555,425.0
1556,210.0
1557,346.0
1558,608.0
1559,355.0
1560,432.0
1561,317.0
1562,391.0
1563,386.0
1564,346.0
1565,499.0
1566,834.0
1567,1005.0
1568,750.0
1569,1807.0
1570,681.0
1571,897.0
1572,1464.0
1573,512.0
1574,563.0
1575,191.0
1576,1000.0
1577,20352.0
1578,1680.0
1579,861.0
1580,198.0
1581,125.0
1582,997.0
1583,306.0
1584,254.0
1585,100.0
1586,744.0
1587,1914.0
1588,1329.0
1589,472.0
1590,631.0
1591,6821.0
1592,177.0
1593,14474.0
1594,9419.0
1595,697.0
1596,401.0
1597,569.0
1598,575.0
1599,779.0
1600,389.0
1601,342.0
1602,219.0
1603,232.0
1604,322.0
1605,454.0
1606,425.0
1607,237.0
1608,226.0
1609,229.0
1610,549.0
1611,196.0
1612,162.0
1613,180.0
1614,172.0
1615,242.0
1616,201.0
1617,236.0
1618,246.0
1619,231.0
1620,228.0
1621,158.0
1622,232.0
1623,229.0
1624,222.0
1625,442.0
1626,475.0
1627,389.0
1628,293.0
1629,239.0
1630,338.0
1631,193.0
1632,196.0
1633,205.0
1634,4058.0
1635,1450.0
1636,464.0
1637,1210.0
1638,1363.0
1639,1462.0
1640,175.0
1641,218.0
1642,177.0
1643,196.0
1644,142.0
1645,204.0
1646,179.0
1647,205.0
1648,180.0
1649,176.0
1650,405.0
1651,375.0
1652,152.0
1653,196.0
1654,227.0
1655,227.0
1656,614.0
1657,209.0
1658,332.0
1659,320.0
1660,790.0
1661,187.0
1662,134.0
1663,402.0
1664,388.0
1665,129.0
1666,630.0
1667,882.0
1668,1657.0
1669,1493.0
1670,336.0
1671,938.0
1672,10519.0
1673,7343.0
1674,2578.0
1675,1093.0
1676,1104.0
1677,735.0
1678,198.0
1679,175.0
1680,214.0
1681,200.0
1682,182.0
1683,188.0
1684,195.0
1685,177.0
1686,175.0
1687,392.0
1688,450.0
1689,667.0
1690,248.0
1691,548.0
1692,390.0
1693,229.0
1694,369.0
1695,396.0
1696,424.0
1697,653.0
1698,566.0
1699,820.0
1700,317.0
1701,995.0
1702,775.0
1703,888.0
1704,8472.0
1705,647.0
1706,575.0
1707,4092.0
1708,894.0
1709,759.0
1710,252.0
1711,772.0
1712,1072.0
1713,242.0
1714,325.0
1715,159.0
1716,159.0
1717,163.0
1718,213.0
1719,157.0
1720,154.0
1721,166.0
1722,697.0
1723,167.0
1724,912.0
1725,187.0
1726,53653.0
1727,936.0
1728,54.0
1729,222.0
1730,234.0
1731,349.0
1732,316.0
1733,464.0
1734,3952.0
1735,7782.0
1736,130.0
1737,122.0
1738,152.0
1739,134.0
1740,139.0
1741,124.0
1742,792.0
1743,165.0
1744,154.0
1745,743.0
1746,120.0
1747,140.0
1748,133.0
1749,171.0
1750,149.0
1751,138.0
1752,129.0
1753,152.0
1754,159.0
1755,140.0
1756,162.0
1757,143.0
1758,172.0
1759,162.0
1760,279.0
1761,370.0
1762,277.0
1763,222.0
1764,410.0
1765,225.0
1766,159.0
1767,158.0
1768,151.0
1769,184.0
1770,176.0
1771,174.0
1772,160.0
1773,156.0
1774,173.0
1775,125.0
1776,139.0
1777,142.0
1778,204.0
1779,121.0
1780,178.0
1781,169.0
1782,196.0
1783,153.0
1784,438.0
1785,160.0
1786,158.0
1787,186.0
1788,167.0
1789,162.0
1790,185.0
1791,351.0
1792,213.0
1793,423.0
1794,153.0
1795,184.0
1796,277.0
1797,279.0
1798,175.0
1799,191.0
1800,196.0
1801,157.0
1802,359.0
1803,411.0
1804,378.0
1805,161.0
1806,192.0
1807,208.0
1808,368.0
1809,389.0
1810,182.0
1811,347.0
1812,218.0
1813,195.0
1814,399.0
1815,524.0
1816,156.0
1817,152.0
1818,169.0
1819,916.0
1820,174.0
1821,702.0
1822,178.0
1823,175.0
1824,138.0
1825,153.0
1826,156.0
1827,135.0
1828,420.0
1829,148.0
1830,135.0
1831,214.0
1832,142.0
1833,145.0
1834,114.0
1835,147.0
1836,144.0
1837,149.0
1838,125.0
1839,138.0
1840,148.0
1841,130.0
1842,144.0
1843,134.0
1844,126.0
1845,133.0
1846,117.0
1847,126.0
1848,124.0
1849,129.0
1850,124.0
1851,139.0
1852,125.0
1853,130.0
1854,135.0
1855,139.0
1856,125.0
1857,143.0
1858,124.0
1859,132.0
1860,120.0
1861,130.0
1862,132.0
1863,136.0
1864,169.0
1865,155.0
1866,1316.0
1867,178.0
1868,150.0
1869,130.0
1870,162.0
1871,147.0
1872,151.0
1873,136.0
1874,156.0
1875,665.0
1876,215.0
1877,219.0
1878,204.0
1879,266.0
1880,186.0
1881,175.0
1882,264.0
1883,617.0
1884,1407.0
1885,172.0
1886,280.0
1887,197.0
1888,205.0
1889,175.0
1890,197.0
1891,185.0
1892,230.0
1893,197.0
1894,269.0
1895,228.0
1896,197.0
1897,243.0
1898,259.0
1899,63.0
1900,147.0
1901,257.0
1902,51.0
1903,62.0
1904,660.0
1905,220.0
1906,186.0
1907,216.0
1908,186.0
1909,464.0
1910,217.0
1911,191.0
1912,246.0
1913,182.0
1914,153.0
1915,193.0
1916,160.0
1917,153.0
1918,355.0
1919,210.0
1920,143.0
1921,149.0
1922,316.0
1923,248.0
1924,238.0
1925,204.0
1926,266.0
1927,231.0
1928,268.0
1929,252.0
1930,2178.0
1931,304.0
1932,328.0
1933,382.0
1934,223.0
1935,244.0
1936,221.0
1937,250.0
1938,253.0
1939,197.0
1940,262.0
1941,191.0
1942,246.0
1943,234.0
1944,217.0
1945,216.0
1946,244.0
1947,182.0
1948,213.0
1949,213.0
1950,234.0
1951,441.0
1952,424.0
1953,218.0
1954,232.0
1955,211.0
1956,187.0
1957,170.0
1958,206.0
1959,183.0
1960,163.0
1961,189.0
1962,169.0
1963,162.0
1964,165.0
1965,165.0
1966,159.0
1967,157.0
1968,174.0
1969,194.0
1970,169.0
1971,184.0
1972,183.0
1973,227.0
1974,288.0
1975,588.0
1976,1001.0
1977,591.0
1978,551.0
1979,594.0
1980,576.0
1981,379.0
1982,680.0
1983,623.0
1984,213.0
1985,614.0
1986,439.0
1987,243.0
1988,652.0
1989,586.0
1990,641.0
1991,1086.0
1992,2874.0
1993,5124.0
1994,1303.0
1995,733.0
1996,402.0
1997,386.0
1998,489.0
1999,506.0
2000,155.0
2001,170.0
2002,388.0
2003,152.0
2004,150.0
2005,160.0
2006,171.0
2007,465.0
2008,191.0
2009,290.0
2010,174.0
2011,179.0
2012,148.0
2013,147.0
2014,159.0
2015,415.0
2016,688.0
2017,160.0
2018,176.0
2019,202.0
2020,173.0
2021,159.0
2022,173.0
2023,792.0
2024,179.0
2025,183.0
2026,157.0
2027,184.0
2028,197.0
2029,188.0
2030,172.0
2031,201.0
2032,802.0
2033,1395.0
2034,1211.0
2035,642.0
2036,160.0
2037,1072.0
2038,4449.0
2039,27645.0
2040,1388.0
2041,714.0
2042,1155.0
2043,174.0
2044,8070.0
2045,101.0
2046,15915.0
2047,2726.0
2048,839.0
2049,1598.0
2050,264.0
2051,171.0
2052,210.0
2053,171.0
2054,139.0
2055,313.0
2056,655.0
2057,387.0
2058,303.0
2059,642.0
2060,1193.0
2061,1527.0
2062,8500.0
2063,161.0
2064,177.0
2065,373.0
2066,225.0
2067,297.0
2068,170.0
2069,373.0
2070,176.0
2071,277.0
2072,419.0
2073,160.0
2074,410.0
2075,203.0
2076,191.0
2077,199.0
2078,255.0
2079,241.0
2080,425.0
2081,232.0
2082,373.0
2083,210.0
2084,223.0
2085,181.0
2086,218.0
2087,161.0
2088,218.0
2089,173.0
2090,169.0
2091,203.0
2092,191.0
2093,185.0
2094,208.0
2095,209.0
2096,201.0
2097,199.0
2098,201.0
2099,213.0
2100,175.0
2101,204.0
2102,183.0
2103,169.0
2104,204.0
2105,214.0
2106,240.0
2107,221.0
2108,1301.0
2109,195.0
2110,206.0
2111,192.0
2112,41915.0
2113,542.0
2114,268.0
2115,270.0
2116,305.0
2117,255.0
2118,273.0
2119,244.0
2120,17909.0
2121,108.0
2122,1738.0
2123,1160.0
2124,3092.0
2125,755.0
2126,1862.0
2127,2954.0
2128,2312.0
2129,9066.0
2130,19061.0
2131,686.0
2132,1544.0
2133,1301.0
2134,3607.0
2135,554.0
2136,1037.0
2137,364.0
2138,2022.0
2139,284.0
2140,271.0
2141,278.0
2142,287.0
2143,193.0
2144,187.0
2145,243.0
2146,184.0
2147,181.0
2148,162.0
2149,266.0
2150,212.0
2151,304.0
2152,238.0
2153,338.0
2154,335.0
2155,183.0
2156,216.0
2157,502.0
2158,400.0
2159,213.0
2160,236.0
2161,297.0
2162,290.0
2163,451.0
2164,20633.0
2165,8365.0
2166,336.0
2167,304.0
2168,235.0
2169,675.0
2170,508.0
2171,274.0
2172,452.0
2173,380.0
2174,346.0
2175,364.0
2176,938.0
2177,327.0
2178,120.0
2179,370.0
2180,378.0
2181,169.0
2182,905.0
2183,197.0
2184,363.0
2185,390.0
2186,389.0
2187,158.0
2188,446.0
2189,143.0
2190,510.0
2191,498.0
2192,690.0
2193,427.0
2194,553.0
2195,463.0
2196,1209.0
2197,1311.0
2198,650.0
2199,541.0
2200,590.0
2201,308.0
2202,541.0
2203,459.0
2204,430.0
2205,381.0
2206,173.0
2207,565.0
2208,759.0
2209,830.0
2210,645.0
2211,461.0
2212,260.0
2213,570.0
2214,537.0
2215,384.0
2216,257.0
2217,5145.0
2218,625.0
2219,483.0
2220,295.0
2221,292.0
2222,712.0
2223,873.0
2224,4373.0
2225,1196.0
2226,18579.0
2227,549.0
2228,15950.0
2229,43839.0
2230,669.0
2231,167.0
2232,199.0
2233,41.0
2234,123.0
2235,219.0
2236,250.0
2237,231.0
2238,225.0
2239,179.0
2240,293.0
2241,63.0
2242,114.0
2243,339.0
2244,125.0
2245,1898.0
2246,247.0
2247,179.0
2248,300.0
2249,241.0
2250,190.0
2251,184.0
2252,216.0
2253,223.0
2254,436.0
2255,179.0
2256,884.0
2257,192.0
2258,292.0
2259,137.0
2260,180.0
2261,177.0
2262,133.0
2263,119.0
2264,266.0
2265,144.0
2266,169.0
2267,170.0
2268,227.0
2269,284.0
2270,170.0
2271,224.0
2272,211.0
2273,402.0
2274,290.0
2275,192.0
2276,209.0
2277,245.0
2278,225.0
2279,151.0
2280,168.0
2281,211.0
2282,475.0
2283,2387.0
2284,1378.0
2285,1339.0
2286,1006.0
2287,331.0
2288,3538.0
2289,588.0
2290,183.0
2291,611.0
2292,172.0
2293,397.0
2294,502.0
2295,131.0
2296,133.0
2297,194.0
2298,213.0
2299,220.0
2300,438.0
2301,226.0
2302,493.0
2303,99.0
2304,696.0
2305,521.0
2306,106.0
2307,115.0
2308,106.0
2309,220.0
2310,137.0
2311,104.0
2312,119.0
2313,328.0
2314,96.0
2315,97.0
2316,94.0
2317,93.0
2318,96.0
2319,88.0
2320,97.0
2321,99.0
2322,102.0
2323,116.0
2324,96.0
2325,113.0
2326,116.0
2327,524.0
2328,113.0
2329,105.0
2330,134.0
2331,147.0
2332,214.0
2333,467.0
2334,402.0
2335,99.0
2336,96.0
2337,572.0
2338,429.0
2339,106.0
2340,366.0
2341,391.0
2342,100.0
2343,207.0
2344,193.0
2345,168.0
2346,356.0
2347,308.0
2348,330.0
2349,139.0
2350,132.0
2351,297.0
2352,379.0
2353,273.0
2354,332.0
2355,379.0
2356,260.0
2357,1913.0
2358,14822.0
2359,18273.0
2360,114.0
2361,405.0
2362,565.0
2363,1308.0
2364,930.0
2365,1467.0
2366,652.0
2367,2346.0
2368,1497.0
2369,855.0
2370,5633.0
2371,267.0
2372,526.0
2373,403.0
2374,651.0
2375,237.0
2376,845.0
2377,309.0
2378,293.0
2379,188.0
2380,731.0
2381,1028.0
2382,940.0
2383,587.0
2384,333.0
2385,318.0
2386,196.0
2387,1318.0
2388,224.0
2389,247.0
2390,280.0
2391,811.0
2392,419.0
2393,276.0
2394,8282.0
2395,262.0
2396,293.0
2397,210.0
2398,586.0
2399,156.0
2400,822.0
2401,586.0
2402,1080.0
2403,508.0
2404,467.0
2405,490.0
2406,535.0
2407,529.0
2408,1858.0
2409,840.0
2410,456.0
2411,2315.0
2412,184.0
2413,3810.0
2414,975.0
2415,670.0
2416,689.0
2417,751.0
2418,939.0
2419,997.0
2420,624.0
2421,803.0
2422,3708.0
2423,759.0
2424,151.0
2425,4803.0
2426,4277.0
2427,755.0
2428,12345.0
2429,705.0
2430,1783.0
2431,6968.0
2432,7246.0
2433,796.0
2434,314.0
2435,1216.0
2436,17341.0
2437,35.0
2438,204.0
2439,300.0
2440,204.0
2441,265.0
2442,527.0
2443,446.0
2444,201.0
2445,753.0
2446,411.0
2447,1345.0
2448,1543.0
2449,6540.0
2450,910.0
2451,317.0
2452,18154.0
2453,594.0
2454,408.0
2455,394.0
2456,479.0
2457,585.0
2458,415.0
2459,620.0
2460,376.0
2461,220.0
2462,402.0
2463,486.0
2464,308.0
2465,686.0
2466,215.0
2467,258.0
2468,204.0
2469,184.0
2470,622.0
2471,472.0
2472,460.0
2473,454.0
2474,285.0
2475,227.0
2476,175.0
2477,456.0
2478,458.0
2479,434.0
2480,186.0
2481,405.0
2482,337.0
2483,2285.0
2484,469.0
2485,328.0
2486,209.0
2487,242.0
2488,185.0
2489,185.0
2490,2551.0
2491,204.0
2492,252.0
2493,190.0
2494,203.0
2495,235.0
2496,205.0
2497,511.0
2498,276.0
2499,247.0
2500,198.0
2501,271.0
2502,2234.0
2503,5264.0
2504,3804.0
2505,779.0
2506,173.0
2507,149.0
2508,5234.0
2509,12034.0
2510,912.0
2511,105.0
2512,1191.0
2513,217.0
2514,1972.0
2515,789.0
2516,795.0
2517,528.0
2518,539.0
2519,1631.0
2520,4215.0
2521,426.0
2522,459.0
2523,1163.0
2524,48724.0
2525,319.0
2526,2482.0
2527,641.0
2528,3613.0
2529,7458.0
2530,2981.0
2531,445.0
2532,315.0
2533,232.0
2534,306.0
2535,199.0
2536,166.0
2537,189.0
2538,225.0
2539,177.0
2540,207.0
2541,276.0
2542,2367.0
2543,230.0
2544,168.0
2545,199.0
2546,197.0
2547,160.0
2548,191.0
2549,182.0
2550,174.0
2551,177.0
2552,165.0
2553,214.0
2554,193.0
2555,197.0
2556,75.0
2557,233.0
2558,152.0
2559,161.0
2560,158.0
2561,165.0
2562,155.0
2563,165.0
2564,171.0
2565,164.0
2566,176.0
2567,249.0
2568,284.0
2569,176.0
2570,314.0
2571,384.0
2572,276.0
2573,179.0
2574,540.0
2575,174.0
2576,174.0
2577,7027.0
2578,2838.0
2579,210.0
2580,190.0
2581,184.0
2582,56.0
2583,30.0
2584,196.0
2585,224.0
2586,202.0
2587,223.0
2588,211.0
2589,182.0
2590,175.0
2591,177.0
2592,215.0
2593,225.0
2594,246.0
2595,250.0
2596,1260.0
2597,249.0
2598,1468.0
2599,946.0
2600,10974.0
2601,564.0
2602,30432.0
2603,1301.0
2604,56.0
2605,133.0
2606,43.0
2607,47.0
2608,160.0
2609,86.0
2610,56.0
2611,48.0
2612,65.0
2613,38.0
2614,55.0
2615,50.0
2616,25.0
2617,40.0
2618,51.0
2619,25.0
2620,20.0
2621,39.0
2622,66.0
2623,37.0
2624,45.0
2625,46.0
2626,63.0
2627,100.0
2628,42.0
2629,40.0
2630,91.0
2631,125.0
2632,52.0
2633,51.0
2634,51.0
2635,99.0
2636,30.0
2637,43.0
2638,35.0
2639,49.0
2640,46.0
2641,59.0
2642,29.0
2643,45.0
2644,38.0
2645,41.0
2646,54.0
2647,76.0
2648,127.0
2649,46.0
2650,33.0
2651,107.0
2652,21.0
2653,46.0
2654,35.0
2655,99.0
2656,37.0
2657,110.0
2658,33.0
2659,69.0
2660,50.0
2661,32.0
2662,42.0
2663,155.0
2664,31.0
2665,32.0
2666,2051.0
2667,370.0
2668,53955.0
2669,17520.0
2670,756.0
2671,159.0
2672,551.0
2673,177.0
2674,163.0
2675,2803.0
2676,1509.0
2677,175.0
2678,150.0
2679,411.0
2680,146.0
2681,209.0
2682,104.0
2683,243.0
2684,172.0
2685,226.0
2686,335.0
2687,160.0
2688,548.0
2689,337.0
2690,124.0
2691,303.0
2692,192.0
2693,277.0
2694,269.0
2695,268.0
2696,170.0
2697,275.0
2698,260.0
2699,174.0
2700,277.0
2701,181.0
2702,114.0
2703,239.0
2704,306.0
2705,170.0
2706,262.0
2707,255.0
2708,222.0
2709,273.0
2710,156.0
2711,132.0
2712,124.0
2713,308.0
2714,175.0
2715,303.0
2716,165.0
2717,295.0
2718,352.0
2719,289.0
2720,156.0
2721,125.0
2722,141.0
2723,320.0
2724,237.0
2725,186.0
2726,158.0
2727,201.0
2728,186.0
2729,201.0
2730,152.0
2731,622.0
2732,381.0
2733,323.0
2734,393.0
2735,1545.0
2736,246.0
2737,253.0
2738,225.0
2739,198.0
2740,227.0
2741,239.0
2742,237.0
2743,315.0
2744,139.0
2745,258.0
2746,203.0
2747,129.0
2748,2833.0
2749,107.0
2750,175.0
2751,185.0
2752,182.0
2753,360.0
2754,218.0
2755,298.0
2756,176.0
2757,194.0
2758,248.0
2759,239.0
2760,174.0
2761,635.0
2762,592.0
2763,321.0
2764,227.0
2765,165.0
2766,461.0
2767,1156.0
2768,210.0
2769,323.0
2770,284.0
2771,236.0
2772,362.0
2773,628.0
2774,201.0
2775,252.0
2776,172.0
2777,195.0
2778,592.0
2779,533.0
2780,280.0
2781,182.0
2782,179.0
2783,269.0
2784,218.0
2785,329.0
2786,255.0
2787,282.0
2788,354.0
2789,172.0
2790,623.0
2791,248.0
2792,291.0
2793,217.0
2794,191.0
2795,214.0
2796,173.0
2797,219.0
2798,195.0
2799,154.0
2800,152.0
2801,140.0
2802,163.0
2803,175.0
2804,183.0
2805,493.0
2806,463.0
2807,128.0
2808,709.0
2809,350.0
2810,417.0
2811,339.0
2812,496.0
2813,644.0
2814,566.0
2815,234.0
2816,629.0
2817,129.0
2818,123.0
2819,406.0
2820,111.0
2821,137.0
2822,113.0
2823,117.0
2824,98.0
2825,120.0
2826,172.0
2827,397.0
2828,149.0
2829,127.0
2830,135.0
2831,379.0
2832,113.0
2833,128.0
2834,120.0
2835,186.0
2836,141.0
2837,401.0
2838,122.0
2839,393.0
2840,124.0
2841,118.0
2842,122.0
2843,150.0
2844,127.0
2845,104.0
2846,122.0
2847,147.0
2848,138.0
2849,127.0
2850,151.0
2851,185.0
2852,130.0
2853,126.0
2854,145.0
2855,164.0
2856,134.0
2857,145.0
2858,124.0
2859,118.0
2860,149.0
2861,137.0
2862,120.0
2863,166.0
2864,187.0
2865,145.0
2866,156.0
2867,173.0
2868,154.0
2869,126.0
2870,175.0
2871,135.0
2872,172.0
2873,144.0
2874,156.0
2875,176.0
2876,186.0
2877,170.0
2878,148.0
2879,137.0
2880,195.0
2881,173.0
2882,158.0
2883,146.0
2884,142.0
2885,152.0
2886,187.0
2887,149.0
2888,186.0
2889,171.0
2890,161.0
2891,154.0
2892,195.0
2893,279.0
2894,168.0
2895,184.0
2896,145.0
2897,154.0
2898,610.0
2899,228.0
2900,138.0
2901,234.0
2902,177.0
2903,162.0
2904,148.0
2905,389.0
2906,175.0
2907,162.0
2908,176.0
2909,181.0
2910,166.0
2911,168.0
2912,192.0
2913,173.0
2914,168.0
2915,126.0
2916,177.0
2917,167.0
2918,178.0
2919,172.0
2920,440.0
2921,177.0
2922,179.0
2923,3516.0
2924,420.0
2925,845.0
2926,32933.0
2927,176.0
2928,782.0
2929,260.0
2930,115.0
2931,127.0
2932,216.0
2933,145.0
2934,218.0
2935,3716.0
2936,151.0
2937,239.0
2938,809.0
2939,351.0
2940,271.0
2941,147.0
2942,1536.0
2943,508.0
2944,162.0
2945,801.0
2946,638.0
2947,194.0
2948,970.0
2949,262.0
2950,186.0
2951,158.0
2952,165.0
2953,165.0
2954,554.0
2955,211.0
2956,212.0
2957,1139.0
2958,221.0
2959,234.0
2960,827.0
2961,1032.0
2962,1010.0
2963,669.0
2964,590.0
2965,49435.0
2966,45.0
2967,3338.0
2968,1560.0
2969,219.0
2970,180.0
2971,193.0
2972,209.0
2973,264.0
2974,217.0
2975,197.0
2976,203.0
2977,185.0
2978,160.0
2979,149.0
2980,184.0
2981,8323.0
2982,1445.0
2983,226.0
2984,1350.0
2985,375.0
2986,448.0
2987,317.0
2988,167.0
2989,431.0
2990,235.0
2991,1100.0
2992,135.0
2993,190.0
2994,122.0
2995,277.0
2996,474.0
2997,62975.0
2998,51.0
2999,45.0
3000,157.0
3001,171.0
3002,288.0
3003,425.0
3004,369.0
3005,1304.0
3006,271.0
3007,214.0
3008,162.0
3009,258.0
3010,187.0
3011,187.0
3012,187.0
3013,190.0
3014,197.0
3015,209.0
3016,191.0
3017,208.0
3018,259.0
3019,264.0
3020,274.0
3021,334.0
3022,337.0
3023,444.0
3024,860.0
3025,328.0
3026,330.0
3027,349.0
3028,329.0
3029,393.0
3030,427.0
3031,421.0
3032,200.0
3033,341.0
3034,171.0
3035,158.0
3036,140.0
3037,151.0
3038,162.0
3039,164.0
3040,283.0
3041,138.0
3042,286.0
3043,197.0
3044,156.0
3045,142.0
3046,165.0
3047,142.0
3048,140.0
3049,149.0
3050,144.0
3051,19.0
3052,136.0
3053,144.0
3054,147.0
3055,148.0
3056,130.0
3057,147.0
3058,177.0
3059,158.0
3060,502.0
3061,268.0
3062,174.0
3063,622.0
3064,222.0
3065,223.0
3066,238.0
3067,24.0
3068,321.0
3069,162.0
3070,301.0
3071,193.0
3072,237.0
3073,409.0
3074,183.0
3075,177.0
3076,378.0
3077,876.0
3078,285.0
3079,157.0
3080,232.0
3081,275.0
3082,271.0
3083,245.0
3084,404.0
3085,353.0
3086,479.0
3087,364.0
3088,370.0
3089,314.0
3090,237.0
3091,424.0
3092,242.0
3093,700.0
3094,443.0
3095,304.0
3096,2152.0
3097,559.0
3098,204.0
3099,342.0
3100,287.0
3101,1622.0
3102,768.0
3103,986.0
3104,350.0
3105,364.0
3106,417.0
3107,561.0
3108,3380.0
3109,314.0
3110,579.0
3111,266.0
3112,397.0
3113,1648.0
3114,700.0
3115,440.0
3116,509.0
3117,1463.0
3118,319.0
3119,1309.0
3120,557.0
3121,897.0
3122,757.0
3123,833.0
3124,560.0
3125,1061.0
3126,1168.0
3127,996.0
3128,229.0
3129,2022.0
3130,5437.0
3131,962.0
3132,1731.0
3133,2981.0
3134,8314.0
3135,1457.0
3136,376.0
3137,788.0
3138,297.0
3139,541.0
3140,316.0
3141,350.0
3142,337.0
3143,357.0
3144,295.0
3145,329.0
3146,627.0
3147,291.0
3148,238.0
3149,207.0
3150,167.0
3151,369.0
3152,206.0
3153,244.0
3154,181.0
3155,254.0
3156,311.0
3157,270.0
3158,357.0
3159,239.0
3160,168.0
3161,262.0
3162,173.0
3163,310.0
3164,170.0
3165,166.0
3166,151.0
3167,179.0
3168,173.0
3169,194.0
3170,213.0
3171,233.0
3172,301.0
3173,155.0
3174,225.0
3175,398.0
3176,347.0
3177,509.0
3178,384.0
3179,184.0
3180,682.0
3181,258.0
3182,162.0
3183,159.0
3184,221.0
3185,131.0
3186,281.0
3187,206.0
3188,279.0
3189,161.0
3190,169.0
3191,116.0
3192,227.0
3193,130.0
3194,171.0
3195,172.0
3196,212.0
3197,200.0
3198,259.0
3199,439.0
3200,115.0
3201,119.0
3202,151.0
3203,346.0
3204,137.0
3205,114.0
3206,144.0
3207,121.0
3208,121.0
3209,137.0
3210,115.0
3211,138.0
3212,127.0
3213,120.0
3214,126.0
3215,122.0
3216,128.0
3217,138.0
3218,137.0
3219,116.0
3220,115.0
3221,125.0
3222,118.0
3223,124.0
3224,114.0
3225,130.0
3226,117.0
3227,131.0
3228,128.0
3229,118.0
3230,129.0
3231,126.0
3232,120.0
3233,127.0
3234,126.0
3235,134.0
3236,142.0
3237,124.0
3238,127.0
3239,142.0
3240,134.0
3241,134.0
3242,130.0
3243,128.0
3244,134.0
3245,140.0
3246,136.0
3247,131.0
3248,146.0
3249,136.0
3250,130.0
3251,126.0
3252,131.0
3253,128.0
3254,166.0
3255,126.0
3256,122.0
3257,116.0
3258,121.0
3259,151.0
3260,142.0
3261,124.0
3262,129.0
3263,135.0
3264,140.0
3265,132.0
3266,132.0
3267,131.0
3268,127.0
3269,131.0
3270,151.0
3271,130.0
3272,124.0
3273,139.0
3274,138.0
3275,159.0
3276,151.0
3277,120.0
3278,128.0
3279,135.0
3280,130.0
3281,152.0
3282,125.0
3283,119.0
3284,137.0
3285,189.0
3286,127.0
3287,184.0
3288,123.0
3289,145.0
3290,176.0
3291,134.0
3292,172.0
3293,125.0
3294,178.0
3295,151.0
3296,148.0
3297,150.0
3298,154.0
3299,175.0
3300,163.0
3301,152.0
3302,140.0
3303,115.0
3304,159.0
3305,154.0
3306,25422.0
3307,148.0
3308,140.0
3309,122.0
3310,155.0
3311,120.0
3312,133.0
3313,135.0
3314,162.0
3315,122.0
3316,121.0
3317,120.0
3318,129.0
3319,524.0
3320,183.0
3321,139.0
3322,575.0
3323,820.0
3324,702.0
3325,594.0
3326,668.0
3327,554.0
3328,525.0
3329,1685.0
3330,1794.0
3331,1039.0
3332,25726.0
3333,109.0
3334,2820.0
3335,1260.0
3336,299.0
3337,3931.0
3338,221.0
3339,58.0
3340,583.0
3341,3943.0
3342,263.0
3343,1273.0
3344,666.0
3345,1803.0
3346,1141.0
3347,3725.0
3348,7873.0
3349,760.0
3350,1499.0
3351,823.0
3352,1415.0
3353,1176.0
3354,960.0
3355,2420.0
3356,1727.0
3357,1016.0
3358,1009.0
3359,2388.0
3360,12230.0
3361,306.0
3362,339.0
3363,700.0
3364,253.0
3365,244.0
3366,1074.0
3367,466.0
3368,1429.0
3369,1249.0
3370,403.0
3371,335.0
3372,729.0
3373,345.0
3374,577.0
3375,811.0
3376,638.0
3377,638.0
3378,627.0
3379,715.0
3380,484.0
3381,402.0
3382,563.0
3383,504.0
3384,695.0
3385,485.0
3386,512.0
3387,591.0
3388,656.0
3389,470.0
3390,590.0
3391,637.0
3392,777.0
3393,380.0
3394,270.0
3395,260.0
3396,367.0
3397,190.0
3398,712.0
3399,285.0
3400,243.0
3401,247.0
3402,301.0
3403,206.0
3404,227.0
3405,219.0
3406,198.0
3407,207.0
3408,171.0
3409,200.0
3410,207.0
3411,171.0
3412,186.0
3413,200.0
3414,204.0
3415,192.0
3416,219.0
3417,292.0
3418,174.0
3419,198.0
3420,199.0
3421,215.0
3422,174.0
3423,204.0
3424,222.0
3425,188.0
3426,266.0
3427,221.0
3428,186.0
3429,228.0
3430,229.0
3431,217.0
3432,220.0
3433,182.0
3434,231.0
3435,247.0
3436,249.0
3437,225.0
3438,248.0
3439,912.0
3440,708.0
3441,594.0
3442,544.0
3443,638.0
3444,619.0
3445,625.0
3446,653.0
3447,628.0
3448,248.0
3449,240.0
3450,250.0
3451,417.0
3452,181.0
3453,223.0
3454,265.0
3455,209.0
3456,212.0
3457,745.0
3458,216.0
3459,256.0
3460,260.0
3461,238.0
3462,237.0
3463,249.0
3464,204.0
3465,303.0
3466,226.0
3467,345.0
3468,283.0
3469,246.0
3470,217.0
3471,215.0
3472,222.0
3473,279.0
3474,198.0
3475,213.0
3476,235.0
3477,191.0
3478,296.0
3479,765.0
3480,271.0
3481,219.0
3482,232.0
3483,209.0
3484,330.0
3485,799.0
3486,817.0
3487,812.0
3488,176.0
3489,3317.0
3490,416.0
3491,192.0
3492,163.0
3493,2498.0
3494,447.0
3495,820.0
3496,948.0
3497,466.0
3498,146.0
3499,324.0
3500,681.0
3501,184.0
3502,335.0
3503,388.0
3504,336.0
3505,144.0
3506,155.0
3507,176.0
3508,152.0
3509,1082.0
3510,136.0
3511,40395.0
3512,149.0
3513,156.0
3514,165.0
3515,134.0
3516,194.0
3517,146.0
3518,149.0
3519,131.0
3520,116.0
3521,117.0
3522,222.0
3523,140.0
3524,131.0
3525,119.0
3526,114.0
3527,165.0
3528,112.0
3529,114.0
3530,117.0
3531,112.0
3532,112.0
3533,111.0
3534,117.0
3535,132.0
3536,115.0
3537,113.0
3538,123.0
3539,110.0
3540,111.0
3541,109.0
3542,159.0
3543,113.0
3544,131.0
3545,120.0
3546,146.0
3547,118.0
3548,175.0
3549,113.0
3550,188.0
3551,117.0
3552,170.0
3553,175.0
3554,194.0
3555,119.0
3556,124.0
3557,114.0
3558,135.0
3559,243.0
3560,165.0
3561,198.0
3562,113.0
3563,173.0
3564,114.0
3565,109.0
3566,112.0
3567,103.0
3568,110.0
3569,110.0
3570,130.0
3571,115.0
3572,116.0
3573,136.0
3574,116.0
3575,116.0
3576,144.0
3577,113.0
3578,136.0
3579,127.0
3580,113.0
3581,124.0
3582,126.0
3583,111.0
3584,121.0
3585,126.0
3586,110.0
3587,108.0
3588,114.0
3589,232.0
3590,109.0
3591,114.0
3592,128.0
3593,114.0
3594,114.0
3595,144.0
3596,156.0
3597,109.0
3598,130.0
3599,21.0
3600,119.0
3601,108.0
3602,108.0
3603,117.0
3604,109.0
3605,118.0
3606,126.0
3607,137.0
3608,105.0
3609,112.0
3610,126.0
3611,112.0
3612,114.0
3613,135.0
3614,132.0
3615,115.0
3616,124.0
3617,132.0
3618,120.0
3619,104.0
3620,131.0
3621,123.0
3622,121.0
3623,113.0
3624,122.0
3625,110.0
3626,105.0
3627,115.0
3628,108.0
3629,129.0
3630,127.0
3631,120.0
3632,120.0
3633,101.0
3634,118.0
3635,119.0
3636,114.0
3637,120.0
3638,110.0
3639,116.0
3640,115.0
3641,113.0
3642,106.0
3643,106.0
3644,118.0
3645,107.0
3646,120.0
3647,108.0
3648,156.0
3649,129.0
3650,124.0
3651,237.0
3652,118.0
3653,115.0
3654,121.0
3655,151.0
3656,107.0
3657,116.0
3658,106.0
3659,113.0
3660,126.0
3661,116.0
3662,106.0
3663,703.0
3664,115.0
3665,121.0
3666,127.0
3667,129.0
3668,124.0
3669,157.0
3670,147.0
3671,576.0
3672,201.0
3673,117.0
3674,141.0
3675,174.0
3676,168.0
3677,120.0
3678,167.0
3679,144.0
3680,133.0
3681,125.0
3682,131.0
3683,119.0
3684,132.0
3685,122.0
3686,270.0
3687,186.0
3688,137.0
3689,126.0
3690,192.0
3691,163.0
3692,146.0
3693,204.0
3694,213.0
3695,122.0
3696,130.0
3697,132.0
3698,162.0
3699,187.0
3700,222.0
3701,169.0
3702,151.0
3703,196.0
3704,163.0
3705,155.0
3706,339.0
3707,153.0
3708,178.0
3709,177.0
3710,23892.0
3711,57.0
3712,13.0
3713,109.0
3714,57.0
3715,203.0
3716,130.0
3717,60.0
3718,27.0
3719,157.0
3720,105.0
3721,71.0
3722,87.0
3723,119.0
3724,15.0
3725,24.0
3726,122.0
3727,58.0
3728,12.0
3729,31.0
3730,68.0
3731,63.0
3732,65.0
3733,10.0
3734,53.0
3735,28.0
3736,58.0
3737,117.0
3738,69.0
3739,305.0
3740,12.0
3741,72.0
3742,13.0
3743,140.0
3744,15.0
3745,68.0
3746,28.0
3747,18.0
3748,131.0
3749,12.0
3750,14.0
3751,259.0
3752,926.0
3753,18.0
3754,392.0
3755,38.0
3756,52.0
3757,19.0
3758,154.0
3759,74.0
3760,17.0
3761,33.0
3762,21.0
3763,20.0
3764,112.0
3765,71.0
3766,23.0
3767,77.0
3768,334.0
3769,75.0
3770,80.0
3771,93.0
3772,228.0
3773,125.0
3774,83.0
3775,123.0
3776,77.0
3777,81.0
3778,140.0
3779,85.0
3780,76.0
3781,121.0
3782,136.0
3783,79.0
3784,93.0
3785,103.0
3786,114.0
3787,113.0
3788,101.0
3789,108.0
3790,98.0
3791,106.0
3792,110.0
3793,112.0
3794,130.0
3795,99.0
3796,119.0
3797,121.0
3798,116.0
3799,118.0
3800,109.0
3801,114.0
3802,115.0
3803,105.0
3804,115.0
3805,107.0
3806,143.0
3807,123.0
3808,117.0
3809,119.0
3810,108.0
3811,123.0
3812,121.0
3813,121.0
3814,125.0
3815,121.0
3816,113.0
3817,111.0
3818,107.0
3819,126.0
3820,131.0
3821,108.0
3822,126.0
3823,119.0
3824,136.0
3825,119.0
3826,131.0
3827,115.0
3828,123.0
3829,111.0
3830,123.0
3831,127.0
3832,120.0
3833,137.0
3834,124.0
3835,116.0
3836,126.0
3837,134.0
3838,115.0
3839,128.0
3840,120.0
3841,131.0
3842,127.0
3843,126.0
3844,130.0
3845,128.0
3846,122.0
3847,128.0
3848,122.0
3849,125.0
3850,119.0
3851,135.0
3852,197.0
3853,128.0
3854,134.0
3855,138.0
3856,131.0
3857,168.0
3858,208.0
3859,134.0
3860,626.0
3861,203.0
3862,184.0
3863,174.0
3864,270.0
3865,152.0
3866,171.0
3867,195.0
3868,287.0
3869,191.0
3870,298.0
3871,143.0
3872,504.0
3873,250.0
3874,280.0
3875,125.0
3876,174.0
3877,55.0
3878,235.0
3879,233.0
3880,150.0
3881,378.0
3882,154.0
3883,223.0
3884,202.0
3885,236.0
3886,183.0
3887,255.0
3888,237.0
3889,219.0
3890,267.0
3891,190.0
3892,214.0
3893,250.0
3894,283.0
3895,276.0
3896,254.0
3897,227.0
3898,189.0
3899,195.0
3900,249.0
3901,210.0
3902,179.0
3903,243.0
3904,190.0
3905,252.0
3906,254.0
3907,214.0
3908,231.0
3909,290.0
3910,210.0
3911,227.0
3912,342.0
3913,222.0
3914,247.0
3915,284.0
3916,1121.0
3917,618.0
3918,540.0
3919,769.0
3920,796.0
3921,1088.0
3922,56069.0
3923,21.0
3924,27.0
3925,35.0
3926,42.0
3927,46.0
3928,48.0
3929,66.0
3930,55.0
3931,62.0
3932,58.0
3933,54.0
3934,59.0
3935,65.0
3936,58.0
3937,65.0
3938,61.0
3939,50.0
3940,60.0
3941,50.0
3942,100.0
3943,51.0
3944,56.0
3945,50.0
3946,56.0
3947,58.0
3948,53.0
3949,129.0
3950,51.0
3951,49.0
3952,49.0
3953,140.0
3954,43.0
3955,196.0
3956,54.0
3957,58.0
3958,1182.0
3959,90.0
3960,174.0
3961,159.0
3962,151.0
3963,145.0
3964,151.0
3965,52.0
3966,148.0
3967,62.0
3968,52.0
3969,152.0
3970,3781.0
3971,409.0
3972,331.0
3973,246.0
3974,221.0
3975,227.0
3976,259.0
3977,227.0
3978,942.0
3979,417.0
3980,319.0
3981,188.0
3982,456.0
3983,329.0
3984,312.0
3985,469.0
3986,407.0
3987,695.0
3988,177.0
3989,381.0
3990,1314.0
3991,573.0
3992,972.0
3993,157.0
3994,465.0
3995,5115.0
3996,702.0
3997,121.0
3998,208.0
3999,196.0
4000,649.0
4001,218.0
4002,352.0
4003,230.0
4004,299.0
4005,420.0
4006,238.0
4007,1080.0
4008,204.0
4009,129.0
4010,24536.0
4011,141.0
4012,549.0
4013,116.0
4014,506.0
4015,120.0
4016,709.0
4017,137.0
4018,129.0
4019,143.0
4020,172.0
4021,1006.0
4022,208.0
4023,756.0
4024,986.0
4025,170.0
4026,212.0
4027,3689.0
4028,875.0
4029,532.0
4030,3301.0
4031,6486.0
4032,5578.0
4033,1804.0
4034,976.0
4035,10562.0
4036,352.0
4037,85.0
4038,2565.0
4039,1263.0
4040,418.0
4041,35444.0
4042,329.0
4043,259.0
4044,358.0
4045,345.0
4046,248.0
4047,284.0
4048,572.0
4049,51589.0
4050,142.0
4051,246.0
4052,128.0
4053,1996.0
4054,7284.0
4055,200.0
4056,164.0
4057,264.0
4058,12.0
4059,192.0
4060,355.0
4061,21.0
4062,57.0
4063,133.0
4064,160.0
4065,157.0
4066,122.0
4067,103.0
4068,76.0
4069,92.0
4070,84.0
4071,107.0
4072,288.0
4073,72.0
4074,252.0
4075,25.0
4076,79.0
4077,85.0
4078,113.0
4079,83.0
4080,74.0
4081,74.0
4082,100.0
4083,69.0
4084,72.0
4085,84.0
4086,70.0
4087,77.0
4088,83.0
4089,87.0
4090,135.0
4091,89.0
4092,83.0
4093,244.0
4094,85.0
4095,99.0
4096,74.0
4097,109.0
4098,90.0
4099,85.0
4100,78.0
4101,92.0
4102,90.0
4103,89.0
4104,100.0
4105,83.0
4106,83.0
4107,76.0
4108,93.0
4109,97.0
4110,108.0
4111,144.0
4112,106.0
4113,96.0
4114,150.0
4115,116.0
4116,105.0
4117,144.0
4118,183.0
4119,163.0
4120,151.0
4121,192.0
4122,173.0
4123,331.0
4124,131.0
4125,268.0
4126,132.0
4127,291.0
4128,180.0
4129,140.0
4130,162.0
4131,134.0
4132,201.0
4133,197.0
4134,125.0
4135,257.0
4136,157.0
4137,155.0
4138,133.0
4139,172.0
4140,122.0
4141,140.0
4142,119.0
4143,147.0
4144,146.0
4145,130.0
4146,170.0
4147,128.0
4148,153.0
4149,154.0
4150,185.0
4151,161.0
4152,154.0
4153,143.0
4154,142.0
4155,112.0
4156,145.0
4157,118.0
4158,141.0
4159,124.0
4160,135.0
4161,145.0
4162,130.0
4163,121.0
4164,130.0
4165,130.0
4166,149.0
4167,138.0
4168,146.0
4169,150.0
4170,154.0
4171,140.0
4172,160.0
4173,145.0
4174,147.0
4175,133.0
4176,117.0
4177,155.0
4178,148.0
4179,139.0
4180,127.0
4181,135.0
4182,160.0
4183,137.0
4184,140.0
4185,142.0
4186,143.0
4187,115.0
4188,138.0
4189,137.0
4190,111.0
4191,115.0
4192,138.0
4193,106.0
4194,128.0
4195,143.0
4196,119.0
4197,124.0
4198,127.0
4199,127.0
4200,94.0
4201,125.0
4202,122.0
4203,99.0
4204,121.0
4205,97.0
4206,146.0
4207,96.0
4208,115.0
4209,140.0
4210,131.0
4211,113.0
4212,105.0
4213,129.0
4214,138.0
4215,130.0
4216,129.0
4217,145.0
4218,130.0
4219,135.0
4220,102.0
4221,138.0
4222,130.0
4223,165.0
4224,133.0
4225,127.0
4226,82.0
4227,91.0
4228,154.0
4229,125.0
4230,145.0
4231,121.0
4232,82.0
4233,122.0
4234,121.0
4235,131.0
4236,118.0
4237,141.0
4238,132.0
4239,129.0
4240,125.0
4241,139.0
4242,138.0
4243,156.0
4244,132.0
4245,137.0
4246,125.0
4247,141.0
4248,124.0
4249,132.0
4250,129.0
4251,152.0
4252,137.0
4253,132.0
4254,140.0
4255,146.0
4256,158.0
4257,155.0
4258,143.0
4259,147.0
4260,129.0
4261,169.0
4262,214.0
4263,164.0
4264,126.0
4265,154.0
4266,151.0
4267,150.0
4268,156.0
4269,91.0
4270,157.0
4271,166.0
4272,150.0
4273,268.0
4274,135.0
4275,167.0
4276,173.0
4277,236.0
4278,178.0
4279,160.0
4280,178.0
4281,166.0
4282,189.0
4283,130.0
4284,292.0
4285,151.0
4286,198.0
4287,287.0
4288,262.0
4289,174.0
4290,281.0
4291,272.0
4292,279.0
4293,295.0
4294,149.0
4295,296.0
4296,196.0
4297,215.0
4298,293.0
4299,175.0
4300,167.0
4301,292.0
4302,161.0
4303,162.0
4304,165.0
4305,108.0
4306,159.0
4307,302.0
4308,88.0
4309,161.0
4310,150.0
4311,159.0
4312,314.0
4313,166.0
4314,301.0
4315,286.0
4316,139.0
4317,303.0
4318,330.0
4319,304.0
4320,308.0
4321,315.0
4322,319.0
4323,313.0
4324,323.0
4325,322.0
4326,146.0
4327,155.0
4328,353.0
4329,315.0
4330,122.0
4331,334.0
4332,195.0
4333,339.0
4334,192.0
4335,199.0
4336,166.0
4337,368.0
4338,161.0
4339,340.0
4340,353.0
4341,364.0
4342,198.0
4343,397.0
4344,175.0
4345,398.0
4346,383.0
4347,390.0
4348,429.0
4349,202.0
4350,914.0
4351,497.0
4352,1137.0
4353,705.0
4354,793.0
4355,571.0
4356,364.0
4357,765.0
4358,317.0
4359,13763.0
4360,330.0
4361,8428.0
4362,593.0
4363,520.0
4364,348.0
4365,366.0
4366,401.0
4367,382.0
4368,394.0
4369,356.0
4370,16826.0
4371,2644.0
4372,318.0
4373,323.0
4374,377.0
4375,325.0
4376,5269.0
4377,488.0
4378,525.0
4379,1102.0
4380,696.0
4381,778.0
4382,287.0
4383,646.0
4384,104.0
4385,292.0
4386,349.0
4387,437.0
4388,369.0
4389,1601.0
4390,1340.0
4391,561.0
4392,427.0
4393,417.0
4394,979.0
4395,409.0
4396,436.0
4397,446.0
4398,503.0
4399,165.0
4400,464.0
4401,141.0
4402,421.0
4403,120.0
4404,125.0
4405,183.0
4406,132.0
4407,138.0
4408,135.0
4409,154.0
4410,170.0
4411,96.0
4412,385.0
4413,392.0
4414,705.0
4415,91.0
4416,830.0
4417,125.0
4418,406.0
4419,471.0
4420,528.0
4421,2956.0
4422,30938.0
4423,1431.0
4424,703.0
4425,394.0
4426,11497.0
4427,6550.0
4428,57621.0
4429,165.0
4430,101.0
4431,141.0
4432,321.0
4433,186.0
4434,153.0
4435,1672.0
4436,228.0
4437,20.0
4438,316.0
4439,36.0
4440,48.0
4441,46.0
4442,20.0
4443,20.0
4444,46.0
4445,37.0
4446,40.0
4447,138.0
4448,85.0
4449,117.0
4450,1932.0
4451,33.0
4452,868.0
4453,133.0
4454,246.0
4455,46.0
4456,220.0
4457,115.0
4458,228.0
4459,149.0
4460,119.0
4461,389.0
4462,935.0
4463,388.0
4464,133.0
4465,274.0
4466,118.0
4467,240.0
4468,152.0
4469,209.0
4470,422.0
4471,263.0
4472,114.0
4473,111.0
4474,111.0
4475,123.0
4476,129.0
4477,121.0
4478,125.0
4479,119.0
4480,136.0
4481,142.0
4482,113.0
4483,111.0
4484,124.0
4485,114.0
4486,148.0
4487,112.0
4488,130.0
4489,127.0
4490,124.0
4491,120.0
4492,105.0
4493,129.0
4494,123.0
4495,138.0
4496,105.0
4497,106.0
4498,108.0
4499,106.0
4500,106.0
4501,124.0
4502,112.0
4503,110.0
4504,109.0
4505,163.0
4506,112.0
4507,133.0
4508,123.0
4509,84.0
4510,113.0
4511,117.0
4512,121.0
4513,139.0
4514,102.0
4515,134.0
4516,103.0
4517,112.0
4518,112.0
4519,139.0
4520,109.0
4521,106.0
4522,107.0
4523,105.0
4524,137.0
4525,106.0
4526,118.0
4527,121.0
4528,132.0
4529,113.0
4530,116.0
4531,114.0
4532,108.0
4533,845.0
4534,110.0
4535,112.0
4536,97.0
4537,108.0
4538,115.0
4539,127.0
4540,124.0
4541,102.0
4542,122.0
4543,113.0
4544,127.0
4545,114.0
4546,111.0
4547,112.0
4548,99.0
4549,149.0
4550,99.0
4551,102.0
4552,113.0
4553,103.0
4554,104.0
4555,82.0
4556,110.0
4557,97.0
4558,119.0
4559,43.0
4560,48.0
4561,51.0
4562,101.0
4563,111.0
4564,131.0
4565,74.0
4566,129.0
4567,108.0
4568,80.0
4569,101.0
4570,99.0
4571,103.0
4572,109.0
4573,99.0
4574,48.0
4575,44.0
4576,106.0
4577,101.0
4578,97.0
4579,64.0
4580,107.0
4581,97.0
4582,102.0
4583,44.0
4584,47.0
4585,109.0
4586,99.0
4587,97.0
4588,99.0
4589,128.0
4590,118.0
4591,96.0
4592,123.0
4593,93.0
4594,62.0
4595,48.0
4596,100.0
4597,98.0
4598,103.0
4599,115.0
4600,91.0
4601,114.0
4602,141.0
4603,96.0
4604,50.0
4605,98.0
4606,92.0
4607,156.0
4608,46.0
4609,44.0
4610,125.0
4611,50.0
4612,50.0
4613,97.0
4614,42.0
4615,155.0
4616,57.0
4617,108.0
4618,48.0
4619,126.0
4620,100.0
4621,89.0
4622,50.0
4623,60.0
4624,58.0
4625,70.0
4626,104.0
4627,111.0
4628,59.0
4629,67.0
4630,98.0
4631,66.0
4632,84.0
4633,70.0
4634,78.0
4635,78.0
4636,98.0
4637,122.0
4638,100.0
4639,69.0
4640,88.0
4641,96.0
4642,98.0
4643,156.0
4644,113.0
4645,146.0
4646,89.0
4647,102.0
4648,130.0
4649,100.0
4650,82.0
4651,79.0
4652,108.0
4653,119.0
4654,124.0
4655,109.0
4656,149.0
4657,133.0
4658,167.0
4659,135.0
4660,151.0
4661,137.0
4662,135.0
4663,138.0
4664,137.0
4665,144.0
4666,171.0
4667,173.0
4668,198.0
4669,272.0
4670,182.0
4671,208.0
4672,229.0
4673,241.0
4674,187.0
4675,180.0
4676,231.0
4677,201.0
4678,172.0
4679,125.0
4680,203.0
4681,155.0
4682,322.0
4683,219.0
4684,223.0
4685,189.0
4686,140.0
4687,210.0
4688,210.0
4689,140.0
4690,197.0
4691,197.0
4692,136.0
4693,114.0
4694,157.0
4695,197.0
4696,199.0
4697,141.0
4698,169.0
4699,230.0
4700,181.0
4701,183.0
4702,209.0
4703,148.0
4704,228.0
4705,109.0
4706,127.0
4707,120.0
4708,32.0
4709,155.0
4710,256.0
4711,217.0
4712,231.0
4713,231.0
4714,188.0
4715,132.0
4716,380.0
4717,136.0
4718,202.0
4719,221.0
4720,134.0
4721,182.0
4722,410.0
4723,181.0
4724,227.0
4725,345.0
4726,62.0
4727,274.0
4728,157.0
4729,181.0
4730,264.0
4731,212.0
4732,220.0
4733,236.0
4734,213.0
4735,55.0
4736,208.0
4737,229.0
4738,67.0
4739,148.0
4740,162.0
4741,295.0
4742,245.0
4743,281.0
4744,287.0
4745,287.0
4746,283.0
4747,298.0
4748,251.0
4749,342.0
4750,262.0
4751,269.0
4752,284.0
4753,305.0
4754,368.0
4755,261.0
4756,334.0
4757,248.0
4758,10928.0
4759,194.0
4760,642.0
4761,712.0
4762,651.0
4763,16773.0
4764,634.0
4765,503.0
4766,534.0
4767,513.0
4768,550.0
4769,495.0
4770,569.0
4771,518.0
4772,610.0
4773,477.0
4774,462.0
4775,191.0
4776,574.0
4777,213.0
4778,138.0
4779,292.0
4780,466.0
4781,519.0
4782,249.0
4783,397.0
4784,254.0
4785,209.0
4786,387.0
4787,445.0
4788,1008.0
4789,25184.0
4790,110.0
4791,198.0
4792,149.0
4793,155.0
4794,141.0
4795,106.0
4796,101.0
4797,146.0
4798,154.0
4799,145.0
4800,170.0
4801,147.0
4802,247.0
4803,169.0
4804,149.0
4805,172.0
4806,158.0
4807,151.0
4808,171.0
4809,173.0
4810,169.0
4811,152.0
4812,180.0
4813,200.0
4814,248.0
4815,142.0
4816,32275.0
4817,77.0
4818,364.0
4819,471.0
4820,96.0
4821,373.0
4822,313.0
4823,198.0
4824,179.0
4825,514.0
4826,246.0
4827,414.0
4828,199.0
4829,187.0
4830,214.0
4831,223.0
4832,216.0
4833,253.0
4834,263.0
4835,280.0
4836,406.0
4837,199.0
4838,198.0
4839,208.0
4840,188.0
4841,181.0
4842,984.0
4843,281.0
4844,697.0
4845,519.0
4846,476.0
4847,212.0
4848,844.0
4849,591.0
4850,647.0
4851,37465.0
4852,341.0
4853,113.0
4854,80.0
4855,91.0
4856,1813.0
4857,85.0
4858,4405.0
4859,1325.0
4860,209.0
4861,235.0
4862,296.0
4863,17.0
4864,316.0
4865,334.0
4866,1012.0
4867,551.0
4868,553.0
4869,552.0
4870,576.0
4871,200.0
4872,578.0
4873,576.0
4874,565.0
4875,1376.0
4876,557.0
4877,719.0
4878,767.0
4879,590.0
4880,666.0
4881,668.0
4882,488.0
4883,744.0
4884,842.0
4885,763.0
4886,3020.0
4887,140.0
4888,378.0
4889,129.0
4890,153.0
4891,161.0
4892,134.0
4893,171.0
4894,170.0
4895,125.0
4896,122.0
4897,145.0
4898,220.0
4899,247.0
4900,105.0
4901,400.0
4902,184.0
4903,175.0
4904,367.0
4905,196.0
4906,550.0
4907,415.0
4908,319.0
4909,455.0
4910,258.0
4911,635.0
4912,1763.0
4913,699.0
4914,305.0
4915,678.0
4916,353.0
4917,256.0
4918,411.0
4919,214.0
4920,299.0
4921,228.0
4922,170.0
4923,192.0
4924,152.0
4925,154.0
4926,223.0
4927,180.0
4928,156.0
4929,146.0
4930,150.0
4931,149.0
4932,138.0
4933,143.0
4934,153.0
4935,150.0
4936,144.0
4937,143.0
4938,148.0
4939,160.0
4940,144.0
4941,141.0
4942,160.0
4943,151.0
4944,147.0
4945,191.0
4946,195.0
4947,182.0
4948,142.0
4949,185.0
4950,185.0
4951,145.0
4952,189.0
4953,137.0
4954,138.0
4955,192.0
4956,132.0
4957,129.0
4958,180.0
4959,137.0
4960,133.0
4961,178.0
4962,354.0
4963,202.0
4964,139.0
4965,165.0
4966,141.0
4967,187.0
4968,183.0
4969,143.0
4970,144.0
4971,138.0
4972,205.0
4973,781.0
4974,151.0
4975,134.0
4976,6474.0
4977,387.0
4978,286.0
4979,264.0
4980,279.0
4981,305.0
4982,1004.0
4983,315.0
4984,310.0
4985,275.0
4986,6913.0
4987,237.0
4988,818.0
4989,255.0
4990,210.0
4991,260.0
4992,701.0
4993,14523.0
4994,445.0
4995,4632.0
4996,250.0
4997,303.0
4998,272.0
4999,286.0
5000,378.0
